key,game_key,us
navy-mod.0uFIrw7Jp8n,0uFIrw7Jp8n,Fast escort warship
navy-mod.AxM5NnBBTZ,AxM5NnBBTZ,"Fletcher-class destroyer. Rapid-fire guns, deadly against infantry and light vehicles."
navy-mod.B_LMtLU9hZ0,B_LMtLU9hZ0,Heavy gun warship
navy-mod.6iQdbmzHBIv,6iQdbmzHBIv,Baltimore-class heavy cruiser. Long-range naval artillery support.
navy-mod.0TS_P7MtBAT,0TS_P7MtBAT,Capital ship
navy-mod.BbdYqArSAI5,BbdYqArSAI5,Iowa-class battleship. Massive armor and nine 16-inch guns.
navy-mod.N_UNI_161,N_UNI_161,USS FLETCHER
navy-mod.N_UNI_163,N_UNI_163,USS BALTIMORE
navy-mod.N_UNI_162,N_UNI_162,USS IOWA
navy-mod.4X9OwxH0dmw,4X9OwxH0dmw,Z1 LEBERECHT MAASS
navy-mod.5SrKvNUTPQg,5SrKvNUTPQg,"Type 1934 destroyer. Rapid-fire guns, deadly against infantry and light vehicles."
navy-mod.1wAZaDY_yxI,1wAZaDY_yxI,PRINZ EUGEN
navy-mod.EEODWlk3wXg,EEODWlk3wXg,Admiral Hipper-class heavy cruiser. Long-range naval artillery support.
navy-mod.70M1WporJbZ,70M1WporJbZ,BISMARCK
navy-mod.8TyuBYMvotG,8TyuBYMvotG,Bismarck-class battleship. Massive armor and eight 38 cm guns.
navy-mod.2bnszzCv40H,2bnszzCv40H,HMS COSSACK
navy-mod.3B388HhOGHU,3B388HhOGHU,"Tribal-class destroyer. Rapid-fire guns, deadly against infantry and light vehicles."
navy-mod.DlEmvA4iGAu,DlEmvA4iGAu,HMS NORFOLK
navy-mod.65CxKbpKKTD,65CxKbpKKTD,County-class heavy cruiser. Long-range naval artillery support.
navy-mod.5mw_j8ua2gE,5mw_j8ua2gE,HMS WARSPITE
navy-mod.0Se5o0ghhRl,0Se5o0ghhRl,Queen Elizabeth-class battleship. Massive armor and eight 15-inch guns.
navy-mod.3GnekJezc6F,3GnekJezc6F,LE FANTASQUE
navy-mod.8N4HrrqzZFB,8N4HrrqzZFB,"Le Fantasque-class large destroyer. Rapid-fire guns, deadly against infantry and light vehicles."
navy-mod.8qXtrOfYiBZ,8qXtrOfYiBZ,ALGÉRIE
navy-mod.6N_akAdVFQj,6N_akAdVFQj,Algérie heavy cruiser. Long-range naval artillery support.
navy-mod.Bq_tmheeWKL,Bq_tmheeWKL,RICHELIEU
navy-mod.1hgY5rhSQ41,1hgY5rhSQ41,Richelieu-class battleship. Massive armor and eight 380 mm guns.
navy-mod.4CD3odX6OR6,4CD3odX6OR6,ARTIGLIERE
navy-mod.EVNajOZRW5W,EVNajOZRW5W,"Soldati-class destroyer. Rapid-fire guns, deadly against infantry and light vehicles."
navy-mod.3epMhdtz_AM,3epMhdtz_AM,ZARA
navy-mod.0jig7Vls0Jf,0jig7Vls0Jf,Zara-class heavy cruiser. Long-range naval artillery support.
navy-mod.5Jk41hYjfqF,5Jk41hYjfqF,VITTORIO VENETO
navy-mod.4Hv4KR4t9qU,4Hv4KR4t9qU,Littorio-class battleship. Massive armor and nine 381 mm guns.
navy-mod.9P6e7rNpGDr,9P6e7rNpGDr,TASHKENT
navy-mod.C2kyHJJX1qC,C2kyHJJX1qC,"Destroyer leader. Rapid-fire guns, deadly against infantry and light vehicles."
navy-mod.44xCMSgrM07,44xCMSgrM07,KIROV
navy-mod.8d05e4bef998fb9f,,Kirov-class cruiser. Long-range naval artillery support.
navy-mod.CTAxm82c6DO,CTAxm82c6DO,MARAT
navy-mod.9DRO9qVFN15,9DRO9qVFN15,Gangut-class battleship. Massive armor and twelve 305 mm guns.
navy-mod.3d02280548a92930,,YUKIKAZE
navy-mod.5cl00vj3Nt,5cl00vj3Nt,"Kagero-class destroyer. Rapid-fire guns, deadly against infantry and light vehicles."
navy-mod.2g5ue9ZUa3w,2g5ue9ZUa3w,TAKAO
navy-mod.BGscQ578n_i,BGscQ578n_i,Takao-class heavy cruiser. Long-range naval artillery support.
navy-mod.7jv0ZWnBS9d,7jv0ZWnBS9d,YAMATO
navy-mod.b444a7639202d41b,,Yamato-class battleship. Massive armor and nine 46 cm guns.
